{"v":"5.1.6","fr":30,"ip":0,"op":28,"w":54,"h":54,"nm":"Comp 6","ddd":0,"assets":[],"layers":[{"ddd":0,"ind":1,"ty":4,"nm":"fin Outlines","sr":1,"ks":{"o":{"a":0,"k":100,"ix":11},"r":{"a":0,"k":0,"ix":10},"p":{"a":0,"k":[27.14,27.14,0],"ix":2},"a":{"a":0,"k":[15.5,15.5,0],"ix":1},"s":{"a":0,"k":[152,152,100],"ix":6}},"ao":0,"shapes":[{"ty":"gr","it":[{"ind":0,"ty":"sh","ix":1,"ks":{"a":0,"k":{"i":[[4.535,0],[2.819,-3.119],[0,0]],"o":[[-4.536,0],[0,0],[-2.82,-3.119]],"v":[[0,-2.545],[-11.421,2.545],[11.421,2.545]],"c":true},"ix":2},"nm":"Path 1","mn":"ADBE Vector Shape - Group","hd":false},{"ty":"fl","c":{"a":0,"k":[0.941000007181,0.948999980852,0.961000031116,1],"ix":4},"o":{"a":0,"k":100,"ix":5},"r":1,"nm":"Fill 1","mn":"ADBE Vector Graphic - Fill","hd":false},{"ty":"tr","p":{"a":0,"k":[15.411,2.545],"ix":2},"a":{"a":0,"k":[0,0],"ix":1},"s":{"a":0,"k":[100,100],"ix":3},"r":{"a":0,"k":0,"ix":6},"o":{"a":0,"k":100,"ix":7},"sk":{"a":0,"k":0,"ix":4},"sa":{"a":0,"k":0,"ix":5},"nm":"Transform"}],"nm":"Group 1","np":2,"cix":2,"ix":1,"mn":"ADBE Vector Group","hd":false},{"ty":"gr","it":[{"ind":0,"ty":"sh","ix":1,"ks":{"a":0,"k":{"i":[[2.458,2.73],[0,0],[0,3.963]],"o":[[0,0],[2.458,-2.731],[0,-3.963]],"v":[[-1.984,-10.296],[-1.984,10.296],[1.984,0]],"c":true},"ix":2},"nm":"Path 1","mn":"ADBE Vector Shape - Group","hd":false},{"ty":"fl","c":{"a":0,"k":[0.941000007181,0.948999980852,0.961000031116,1],"ix":4},"o":{"a":0,"k":100,"ix":5},"r":1,"nm":"Fill 1","mn":"ADBE Vector Graphic - Fill","hd":false},{"ty":"tr","p":{"a":0,"k":[28.839,15.411],"ix":2},"a":{"a":0,"k":[0,0],"ix":1},"s":{"a":0,"k":[100,100],"ix":3},"r":{"a":0,"k":0,"ix":6},"o":{"a":0,"k":100,"ix":7},"sk":{"a":0,"k":0,"ix":4},"sa":{"a":0,"k":0,"ix":5},"nm":"Transform"}],"nm":"Group 2","np":2,"cix":2,"ix":2,"mn":"ADBE Vector Group","hd":false},{"ty":"gr","it":[{"ind":0,"ty":"sh","ix":1,"ks":{"a":0,"k":{"i":[[-4.536,0],[-2.82,3.119],[0,0]],"o":[[4.536,0],[0,0],[2.82,3.119]],"v":[[0,2.546],[11.422,-2.546],[-11.422,-2.546]],"c":true},"ix":2},"nm":"Path 1","mn":"ADBE Vector Shape - Group","hd":false},{"ty":"fl","c":{"a":0,"k":[0.941000007181,0.948999980852,0.961000031116,1],"ix":4},"o":{"a":0,"k":100,"ix":5},"r":1,"nm":"Fill 1","mn":"ADBE Vector Graphic - Fill","hd":false},{"ty":"tr","p":{"a":0,"k":[15.411,28.277],"ix":2},"a":{"a":0,"k":[0,0],"ix":1},"s":{"a":0,"k":[100,100],"ix":3},"r":{"a":0,"k":0,"ix":6},"o":{"a":0,"k":100,"ix":7},"sk":{"a":0,"k":0,"ix":4},"sa":{"a":0,"k":0,"ix":5},"nm":"Transform"}],"nm":"Group 3","np":2,"cix":2,"ix":3,"mn":"ADBE Vector Group","hd":false},{"ty":"gr","it":[{"ind":0,"ty":"sh","ix":1,"ks":{"a":0,"k":{"i":[[0,-3.963],[-2.458,-2.731],[0,0]],"o":[[0,3.963],[0,0],[-2.458,2.731]],"v":[[-1.984,0],[1.984,10.296],[1.984,-10.296]],"c":true},"ix":2},"nm":"Path 1","mn":"ADBE Vector Shape - Group","hd":false},{"ty":"fl","c":{"a":0,"k":[0.941000007181,0.948999980852,0.961000031116,1],"ix":4},"o":{"a":0,"k":100,"ix":5},"r":1,"nm":"Fill 1","mn":"ADBE Vector Graphic - Fill","hd":false},{"ty":"tr","p":{"a":0,"k":[1.984,15.411],"ix":2},"a":{"a":0,"k":[0,0],"ix":1},"s":{"a":0,"k":[100,100],"ix":3},"r":{"a":0,"k":0,"ix":6},"o":{"a":0,"k":100,"ix":7},"sk":{"a":0,"k":0,"ix":4},"sa":{"a":0,"k":0,"ix":5},"nm":"Transform"}],"nm":"Group 4","np":2,"cix":2,"ix":4,"mn":"ADBE Vector Group","hd":false}],"ip":0,"op":28,"st":0,"bm":0},{"ddd":0,"ind":2,"ty":4,"nm":"fin Outlines","sr":1,"ks":{"o":{"a":0,"k":100,"ix":11},"r":{"a":0,"k":0,"ix":10},"p":{"a":0,"k":[26.993,26.998,0],"ix":2},"a":{"a":0,"k":[12,12,0],"ix":1},"s":{"a":0,"k":[148,148,100],"ix":6}},"ao":0,"shapes":[{"ind":0,"ty":"sh","ix":1,"ks":{"a":0,"k":{"i":[[0.229,-0.16],[0.16,0.23],[1.35,0.69],[2.86,-1.48],[0.9,-1.26],[0.16,0],[0.09,0.06],[-0.16,0.23],[-1.5,0.77],[-3.15,-1.62],[-0.99,-1.39]],"o":[[-0.23,0.16],[-0.901,-1.26],[-2.87,-1.47],[-1.36,0.7],[-0.08,0.14],[-0.1,0],[-0.23,-0.16],[0.99,-1.4],[3.14,-1.62],[1.5,0.77],[0.159,0.22]],"v":[[20.78,9.6],[20.08,9.48],[16.69,6.54],[7.29,6.55],[3.89,9.51],[3.5,9.72],[3.21,9.63],[3.09,8.93],[6.84,5.66],[17.15,5.65],[20.9,8.9]],"c":true},"ix":2},"nm":"Path 1","mn":"ADBE Vector Shape - Group","hd":false},{"ind":1,"ty":"sh","ix":2,"ks":{"a":0,"k":{"i":[[1.7,0],[0,1.619],[1.151,0],[0,-1.07],[-1.209,-1.2],[-1.41,-0.39],[0.07,-0.26],[0.21,0],[0.04,0.01],[1.09,1.07],[0,1.98],[-1.699,0],[0,-1.62],[-1.15,0],[0,1.07],[4,0],[1.17,-2.45],[0,-1.04],[-0.6,-1.599],[0.26,-0.09],[0.09,0.25],[0,1.35],[-0.45,0.95],[-3.23,0],[0,-4.32]],"o":[[-1.701,0],[0,-1.07],[-1.149,0],[0,1.71],[0.951,0.94],[0.27,0.07],[-0.05,0.23],[-0.04,0],[-1.59,-0.44],[-1.4,-1.39],[0,-1.62],[1.701,0],[0,1.07],[1.15,0],[0,-3.77],[-2.84,0],[-0.39,0.81],[0,0.78],[0.1,0.261],[-0.26,0.1],[-0.491,-1.311],[0,-1.2],[1.33,-2.79],[4.549,0],[0,1.619]],"v":[[17.13,17.59],[14.05,14.65],[11.969,12.71],[9.89,14.65],[11.759,19.16],[15.03,21.01],[15.38,21.62],[14.91,22],[14.78,21.98],[11.06,19.88],[8.89,14.66],[11.969,11.72],[15.05,14.66],[17.13,16.6],[19.21,14.66],[11.96,7.83],[5.35,11.86],[4.759,14.66],[5.43,18.269],[5.14,18.91],[4.5,18.62],[3.77,14.66],[4.45,11.42],[11.96,6.82],[20.21,14.65]],"c":true},"ix":2},"nm":"Path 2","mn":"ADBE Vector Shape - Group","hd":false},{"ind":2,"ty":"sh","ix":3,"ks":{"a":0,"k":{"i":[[0.28,-0.051],[0.139,0],[0.859,0.59],[0,1.74],[-0.28,0],[0,-0.28],[-1.22,-0.82],[-1,0],[-0.401,0.07],[-0.05,-0.28]],"o":[[-0.571,0.11],[-1.19,0],[-1.49,-1.01],[0,-0.28],[0.279,0],[0,1.41],[0.71,0.48],[0.24,0],[0.27,-0.05],[0.05,0.27]],"v":[[18.13,19.82],[16.92,19.94],[13.82,19.05],[11.44,14.66],[11.94,14.16],[12.44,14.66],[14.38,18.22],[16.92,18.93],[17.96,18.83],[18.54,19.24]],"c":true},"ix":2},"nm":"Path 3","mn":"ADBE Vector Shape - Group","hd":false},{"ind":3,"ty":"sh","ix":4,"ks":{"a":0,"k":{"i":[[0.19,-0.2],[0.13,0],[0.09,0.1],[0.67,1.21],[0,1.609],[-3.12,0],[0,-2.97],[0.28,0],[0,0.28],[2.57,0],[0,-2.42],[-0.61,-1.08],[-0.77,-0.78]],"o":[[-0.111,0.1],[-0.13,0],[-0.87,-0.871],[-0.69,-1.231],[0,-2.97],[3.12,0],[0,0.28],[-0.28,0],[0,-2.42],[-2.57,0],[0,1.44],[0.64,1.15],[0.19,0.2]],"v":[[10.12,21.64],[9.75,21.79],[9.4,21.64],[7.39,19],[6.34,14.66],[12,9.27],[17.66,14.66],[17.16,15.16],[16.66,14.66],[12,10.27],[7.34,14.66],[8.27,18.51],[10.12,20.93]],"c":true},"ix":2},"nm":"Path 4","mn":"ADBE Vector Shape - Group","hd":false},{"ind":4,"ty":"sh","ix":5,"ks":{"a":0,"k":{"i":[[-0.241,0.13],[-2.149,0],[-2.04,-1.05],[0.13,-0.24],[0.181,0],[0.07,0.04],[1.991,0],[1.71,-0.94],[0.141,0.24]],"o":[[1.86,-1.01],[2.13,0],[0.25,0.13],[-0.09,0.18],[-0.079,0],[-1.92,-0.99],[-1.979,0],[-0.24,0.13],[-0.129,-0.24]],"v":[[5.96,3.53],[12.009,2],[18.04,3.52],[18.25,4.19],[17.809,4.47],[17.58,4.41],[12.009,3],[6.44,4.41],[5.759,4.21]],"c":true},"ix":2},"nm":"Path 5","mn":"ADBE Vector Shape - Group","hd":false},{"ind":5,"ty":"sh","ix":6,"ks":{"a":0,"k":{"i":[[0,0],[0,0],[0,0],[0,0]],"o":[[0,0],[0,0],[0,0],[0,0]],"v":[[0,24],[24,24],[24,0],[0,0]],"c":true},"ix":2},"nm":"Path 6","mn":"ADBE Vector Shape - Group","hd":false},{"ty":"fl","c":{"a":0,"k":[0.941176470588,0.949019607843,0.960784313725,1],"ix":4},"o":{"a":0,"k":100,"ix":5},"r":1,"nm":"Fill 1","mn":"ADBE Vector Graphic - Fill","hd":false}],"ip":0,"op":28,"st":0,"bm":0},{"ddd":0,"ind":3,"ty":4,"nm":"Shape Layer 16","sr":1,"ks":{"o":{"a":1,"k":[{"i":{"x":[0.833],"y":[0.833]},"o":{"x":[0.167],"y":[0.167]},"n":["0p833_0p833_0p167_0p167"],"t":0,"s":[0],"e":[100]},{"t":8.0078125}],"ix":11},"r":{"a":0,"k":0,"ix":10},"p":{"a":0,"k":[26.875,26.875,0],"ix":2},"a":{"a":0,"k":[0,0,0],"ix":1},"s":{"a":0,"k":[6.1,6.1,100],"ix":6}},"ao":0,"shapes":[{"ty":"gr","it":[{"ind":0,"ty":"sh","ix":1,"ks":{"a":0,"k":{"i":[[0,0],[46.21,43.358],[0,0]],"o":[[0,0],[-40.5,-38],[0,0]],"v":[[143,174],[35.5,146.5],[-1.5,63]],"c":false},"ix":2},"nm":"Path 1","mn":"ADBE Vector Shape - Group","hd":false},{"ty":"st","c":{"a":0,"k":[0.192156862745,0.533333333333,1,1],"ix":3},"o":{"a":0,"k":100,"ix":4},"w":{"a":0,"k":50,"ix":5},"lc":2,"lj":1,"ml":4,"nm":"Stroke 1","mn":"ADBE Vector Graphic - Stroke","hd":false},{"ty":"tr","p":{"a":0,"k":[0,0],"ix":2},"a":{"a":0,"k":[0,0],"ix":1},"s":{"a":0,"k":[100,100],"ix":3},"r":{"a":0,"k":0,"ix":6},"o":{"a":0,"k":100,"ix":7},"sk":{"a":0,"k":0,"ix":4},"sa":{"a":0,"k":0,"ix":5},"nm":"Transform"}],"nm":"Shape 1","np":3,"cix":2,"ix":1,"mn":"ADBE Vector Group","hd":false},{"ty":"tm","s":{"a":1,"k":[{"i":{"x":[0],"y":[0.994]},"o":{"x":[0.247],"y":[-0.004]},"n":["0_0p994_0p247_-0p004"],"t":0,"s":[100],"e":[0]},{"t":22.0224609375}],"ix":1},"e":{"a":0,"k":100,"ix":2},"o":{"a":0,"k":0,"ix":3},"m":1,"ix":2,"nm":"Trim Paths 1","mn":"ADBE Vector Filter - Trim","hd":false}],"ip":0,"op":28,"st":0,"bm":0},{"ddd":0,"ind":4,"ty":4,"nm":"Shape Layer 15","sr":1,"ks":{"o":{"a":1,"k":[{"i":{"x":[0.833],"y":[0.833]},"o":{"x":[0.167],"y":[0.167]},"n":["0p833_0p833_0p167_0p167"],"t":2.002,"s":[0],"e":[100]},{"t":10.009765625}],"ix":11},"r":{"a":0,"k":0,"ix":10},"p":{"a":0,"k":[26.875,26.875,0],"ix":2},"a":{"a":0,"k":[0,0,0],"ix":1},"s":{"a":0,"k":[6.1,6.1,100],"ix":6}},"ao":0,"shapes":[{"ty":"gr","it":[{"ind":0,"ty":"sh","ix":1,"ks":{"a":0,"k":{"i":[[0,0],[35.427,85.53],[-32.5,-1.5],[-1.5,-25.5],[-36.5,-11],[-2.781,38.93],[34.672,36.839],[73.88,-5.811],[9.887,-68.171],[0,0]],"o":[[0,0],[-35,-84.5],[32.5,1.5],[1.5,25.5],[36.5,11],[3,-42],[-32,-34],[-89,7],[-9.5,65.5],[0,0]],"v":[[66.5,226],[-52,121.5],[0.5,4.5],[59.5,54],[103,118],[182.5,67.5],[135,-53.5],[-19.5,-110.5],[-182.5,34.5],[-167,153]],"c":false},"ix":2},"nm":"Path 1","mn":"ADBE Vector Shape - Group","hd":false},{"ty":"st","c":{"a":0,"k":[0.192156862745,0.533333333333,1,1],"ix":3},"o":{"a":0,"k":100,"ix":4},"w":{"a":0,"k":40,"ix":5},"lc":2,"lj":1,"ml":4,"nm":"Stroke 1","mn":"ADBE Vector Graphic - Stroke","hd":false},{"ty":"tr","p":{"a":0,"k":[0,0],"ix":2},"a":{"a":0,"k":[0,0],"ix":1},"s":{"a":0,"k":[100,100],"ix":3},"r":{"a":0,"k":0,"ix":6},"o":{"a":0,"k":100,"ix":7},"sk":{"a":0,"k":0,"ix":4},"sa":{"a":0,"k":0,"ix":5},"nm":"Transform"}],"nm":"Shape 1","np":3,"cix":2,"ix":1,"mn":"ADBE Vector Group","hd":false},{"ty":"tm","s":{"a":1,"k":[{"i":{"x":[0.02],"y":[0.988]},"o":{"x":[0.333],"y":[0]},"n":["0p02_0p988_0p333_0"],"t":2.002,"s":[48],"e":[0]},{"t":26.0263671875}],"ix":1},"e":{"a":1,"k":[{"i":{"x":[0.134],"y":[1.011]},"o":{"x":[0.333],"y":[0]},"n":["0p134_1p011_0p333_0"],"t":2.002,"s":[48],"e":[100]},{"t":23.0234375}],"ix":2},"o":{"a":0,"k":0,"ix":3},"m":1,"ix":2,"nm":"Trim Paths 1","mn":"ADBE Vector Filter - Trim","hd":false}],"ip":0,"op":28,"st":0,"bm":0},{"ddd":0,"ind":5,"ty":4,"nm":"Shape Layer 13","sr":1,"ks":{"o":{"a":1,"k":[{"i":{"x":[0.833],"y":[0.833]},"o":{"x":[0.167],"y":[0.167]},"n":["0p833_0p833_0p167_0p167"],"t":0,"s":[0],"e":[100]},{"t":8.0078125}],"ix":11},"r":{"a":0,"k":0,"ix":10},"p":{"a":0,"k":[27,26.875,0],"ix":2},"a":{"a":0,"k":[0,0,0],"ix":1},"s":{"a":0,"k":[6.1,6.1,100],"ix":6}},"ao":0,"shapes":[{"ty":"gr","it":[{"ind":0,"ty":"sh","ix":1,"ks":{"a":0,"k":{"i":[[0,0],[11.413,61.53],[-86.5,19.5],[1,-59]],"o":[[0,0],[-11.5,-62],[88.881,-20.037],[-0.869,51.288]],"v":[[-53.5,221.5],[-119,107],[-27,-50],[123,63]],"c":false},"ix":2},"nm":"Path 1","mn":"ADBE Vector Shape - Group","hd":false},{"ty":"st","c":{"a":0,"k":[0.192156862745,0.533333333333,1,1],"ix":3},"o":{"a":0,"k":100,"ix":4},"w":{"a":0,"k":50,"ix":5},"lc":2,"lj":1,"ml":4,"nm":"Stroke 1","mn":"ADBE Vector Graphic - Stroke","hd":false},{"ty":"tr","p":{"a":0,"k":[0,0],"ix":2},"a":{"a":0,"k":[0,0],"ix":1},"s":{"a":0,"k":[100,100],"ix":3},"r":{"a":0,"k":0,"ix":6},"o":{"a":0,"k":100,"ix":7},"sk":{"a":0,"k":0,"ix":4},"sa":{"a":0,"k":0,"ix":5},"nm":"Transform"}],"nm":"Shape 1","np":3,"cix":2,"ix":1,"mn":"ADBE Vector Group","hd":false},{"ty":"tm","s":{"a":1,"k":[{"i":{"x":[0.114],"y":[0.989]},"o":{"x":[0.333],"y":[0]},"n":["0p114_0p989_0p333_0"],"t":0,"s":[48],"e":[0]},{"t":14.013671875}],"ix":1},"e":{"a":1,"k":[{"i":{"x":[0.043],"y":[1.014]},"o":{"x":[0.333],"y":[0]},"n":["0p043_1p014_0p333_0"],"t":0,"s":[48],"e":[100]},{"t":21.021484375}],"ix":2},"o":{"a":0,"k":0,"ix":3},"m":1,"ix":2,"nm":"Trim Paths 1","mn":"ADBE Vector Filter - Trim","hd":false}],"ip":0,"op":28,"st":0,"bm":0},{"ddd":0,"ind":6,"ty":4,"nm":"Shape Layer 12","sr":1,"ks":{"o":{"a":1,"k":[{"i":{"x":[0.833],"y":[0.833]},"o":{"x":[0.167],"y":[0.167]},"n":["0p833_0p833_0p167_0p167"],"t":6.006,"s":[0],"e":[100]},{"t":12.01171875}],"ix":11},"r":{"a":0,"k":0,"ix":10},"p":{"a":0,"k":[27.25,26.79,0],"ix":2},"a":{"a":0,"k":[0,0,0],"ix":1},"s":{"a":0,"k":[6.1,6.1,100],"ix":6}},"ao":0,"shapes":[{"ty":"gr","it":[{"ind":0,"ty":"sh","ix":1,"ks":{"a":0,"k":{"i":[[0,0],[-105,16],[-47,-67.5]],"o":[[0,0],[105,-16],[47,67.5]],"v":[[-204,-66],[-46,-165],[200,-67.5]],"c":false},"ix":2},"nm":"Path 1","mn":"ADBE Vector Shape - Group","hd":false},{"ty":"st","c":{"a":0,"k":[0.192156862745,0.533333333333,1,1],"ix":3},"o":{"a":0,"k":100,"ix":4},"w":{"a":0,"k":30,"ix":5},"lc":2,"lj":1,"ml":4,"nm":"Stroke 1","mn":"ADBE Vector Graphic - Stroke","hd":false},{"ty":"tr","p":{"a":0,"k":[0,0],"ix":2},"a":{"a":0,"k":[0,0],"ix":1},"s":{"a":0,"k":[100,100],"ix":3},"r":{"a":0,"k":0,"ix":6},"o":{"a":0,"k":100,"ix":7},"sk":{"a":0,"k":0,"ix":4},"sa":{"a":0,"k":0,"ix":5},"nm":"Transform"}],"nm":"Shape 1","np":3,"cix":2,"ix":1,"mn":"ADBE Vector Group","hd":false},{"ty":"tm","s":{"a":1,"k":[{"i":{"x":[0],"y":[1.002]},"o":{"x":[0.333],"y":[0]},"n":["0_1p002_0p333_0"],"t":6.006,"s":[100],"e":[0]},{"t":25.025390625}],"ix":1},"e":{"a":0,"k":100,"ix":2},"o":{"a":0,"k":0,"ix":3},"m":1,"ix":2,"nm":"Trim Paths 1","mn":"ADBE Vector Filter - Trim","hd":false}],"ip":0,"op":28,"st":0,"bm":0},{"ddd":0,"ind":7,"ty":4,"nm":"Shape Layer 10","sr":1,"ks":{"o":{"a":1,"k":[{"i":{"x":[0.833],"y":[0.833]},"o":{"x":[0.167],"y":[0.167]},"n":["0p833_0p833_0p167_0p167"],"t":8.008,"s":[0],"e":[100]},{"t":14.013671875}],"ix":11},"r":{"a":0,"k":0,"ix":10},"p":{"a":0,"k":[26.875,26.75,0],"ix":2},"a":{"a":0,"k":[0,0,0],"ix":1},"s":{"a":0,"k":[6.1,6.1,100],"ix":6}},"ao":0,"shapes":[{"ty":"gr","it":[{"ind":0,"ty":"sh","ix":1,"ks":{"a":0,"k":{"i":[[0,0],[-85.5,1],[0,0]],"o":[[1.35,0.27],[82.496,-0.965],[0,0]],"v":[[-138,-190.5],[-2,-226.5],[139,-189.5]],"c":false},"ix":2},"nm":"Path 1","mn":"ADBE Vector Shape - Group","hd":false},{"ty":"st","c":{"a":0,"k":[0.192156862745,0.533333333333,1,1],"ix":3},"o":{"a":0,"k":100,"ix":4},"w":{"a":0,"k":30,"ix":5},"lc":2,"lj":1,"ml":4,"nm":"Stroke 1","mn":"ADBE Vector Graphic - Stroke","hd":false},{"ty":"tr","p":{"a":0,"k":[0,0],"ix":2},"a":{"a":0,"k":[0,0],"ix":1},"s":{"a":0,"k":[100,100],"ix":3},"r":{"a":0,"k":0,"ix":6},"o":{"a":0,"k":100,"ix":7},"sk":{"a":0,"k":0,"ix":4},"sa":{"a":0,"k":0,"ix":5},"nm":"Transform"}],"nm":"Shape 1","np":3,"cix":2,"ix":1,"mn":"ADBE Vector Group","hd":false},{"ty":"tm","s":{"a":0,"k":100,"ix":1},"e":{"a":1,"k":[{"i":{"x":[0.2],"y":[0.99]},"o":{"x":[0.333],"y":[0]},"n":["0p2_0p99_0p333_0"],"t":8.008,"s":[100],"e":[0]},{"t":24.0244140625}],"ix":2},"o":{"a":0,"k":0,"ix":3},"m":1,"ix":2,"nm":"Trim Paths 1","mn":"ADBE Vector Filter - Trim","hd":false}],"ip":0,"op":28,"st":0,"bm":0},{"ddd":0,"ind":8,"ty":4,"nm":"Shape Layer 1","sr":1,"ks":{"o":{"a":0,"k":100,"ix":11},"r":{"a":0,"k":0,"ix":10},"p":{"a":0,"k":[27,27,0],"ix":2},"a":{"a":0,"k":[12.448,13.198,0],"ix":1},"s":{"a":0,"k":[132,132,100],"ix":6}},"ao":0,"shapes":[{"ty":"gr","it":[{"d":1,"ty":"el","s":{"a":0,"k":[24.646,24.646],"ix":2},"p":{"a":0,"k":[0,0],"ix":3},"nm":"Ellipse Path 1","mn":"ADBE Vector Shape - Ellipse","hd":false},{"ty":"fl","c":{"a":0,"k":[0.749019607843,0.780392156863,0.839215686275,1],"ix":4},"o":{"a":0,"k":100,"ix":5},"r":1,"nm":"Fill 1","mn":"ADBE Vector Graphic - Fill","hd":false},{"ty":"tr","p":{"a":0,"k":[12.448,13.198],"ix":2},"a":{"a":0,"k":[0,0],"ix":1},"s":{"a":0,"k":[100,100],"ix":3},"r":{"a":0,"k":0,"ix":6},"o":{"a":0,"k":100,"ix":7},"sk":{"a":0,"k":0,"ix":4},"sa":{"a":0,"k":0,"ix":5},"nm":"Transform"}],"nm":"Ellipse 1","np":3,"cix":2,"ix":1,"mn":"ADBE Vector Group","hd":false}],"ip":0,"op":28,"st":0,"bm":0},{"ddd":0,"ind":9,"ty":4,"nm":"Shape Layer 4","sr":1,"ks":{"o":{"a":0,"k":100,"ix":11},"r":{"a":0,"k":0,"ix":10},"p":{"a":0,"k":[27,27,0],"ix":2},"a":{"a":0,"k":[0.276,4.151,0],"ix":1},"s":{"a":0,"k":[117,117,100],"ix":6}},"ao":0,"shapes":[{"ty":"gr","it":[{"d":1,"ty":"el","s":{"a":0,"k":[45.302,45.302],"ix":2},"p":{"a":0,"k":[0,0],"ix":3},"nm":"Ellipse Path 1","mn":"ADBE Vector Shape - Ellipse","hd":false},{"ty":"fl","c":{"a":0,"k":[0.941176470588,0.949019607843,0.960784313725,1],"ix":4},"o":{"a":0,"k":100,"ix":5},"r":1,"nm":"Fill 1","mn":"ADBE Vector Graphic - Fill","hd":false},{"ty":"tr","p":{"a":0,"k":[0.165,4.641],"ix":2},"a":{"a":0,"k":[-0.111,0.49],"ix":1},"s":{"a":0,"k":[100,100],"ix":3},"r":{"a":0,"k":0,"ix":6},"o":{"a":0,"k":100,"ix":7},"sk":{"a":0,"k":0,"ix":4},"sa":{"a":0,"k":0,"ix":5},"nm":"Transform"}],"nm":"Ellipse 1","np":3,"cix":2,"ix":1,"mn":"ADBE Vector Group","hd":false}],"ip":0,"op":28,"st":0,"bm":0}],"markers":[]}